Month,Year,Advisors,Hire decision,Hire arrival,Assessments demand,Assessments accepted,Assessments lost,Sprint starts,Retainer starts,Renewal starts,Retainers active,Board readouts,FC add-on customers,Advisor capacity hrs,Bench hrs,Project pool hrs,Project delivered hrs,Backlog hrs,Backlog weeks,Utilization,Revenue: Readiness Assessment,Revenue: Prioritization & Attack Narrative Sprint,Revenue: Remediation Program Retainer,Revenue: Board Readout & Insurance Attestation,Revenue: Falcon Complete Continuous-Remediation Add-on,Gross revenue,Flex program margin,Net revenue,Advisor labor,Bench cost,Add-on delivery cost,Direct cost,Gross margin,Gross margin %,Sales/SE overhead,Travel,Contribution margin,Practice lead,Marketing,Training,Tooling,Insurance/legal,Fixed opex,EBITDA,Collections,Cash out,Net cash,Cumulative cash,Revenue left on table
1,1,2,0,0,1,1,0,0,0,0,0,0,0.5000,109.6667,0,260,106.6667,153.3333,6.0588,0.3500,34871.7949,0,0,0,4750,39621.7949,2377.3077,37244.4872,44166.6667,0,1662.5000,45829.1667,-8584.6795,-0.2305,4469.3385,2234.6692,-15288.6872,5833.3333,5000,3000,3000,3750,20583.3333,-35872.0205,0,73116.5077,-73116.5077,-73116.5077,0
2,1,2,0,0,1,1,0,0.6500,0,0,0,0,1,109.6667,0,599.6667,103.6667,496,19.5988,0.3500,23360.1288,10487.6783,0,0,9500,43347.8072,2600.8684,40746.9388,44166.6667,0,3325,47491.6667,-6744.7279,-0.1655,4889.6327,2444.8163,-14079.1769,5833.3333,5000,3000,3000,3750,20583.3333,-34662.5102,18622.2436,75409.4490,-56787.2054,-129903.7131,0
3,1,2,0,0,1,0,1,0.6500,0,0,0,0,1.5000,109.6667,0,775.5000,100.6667,674.8333,26.6651,0.3500,14508.4715,18326.2645,0,0,14250,47084.7361,2825.0842,44259.6519,44166.6667,0,4987.5000,49154.1667,-4894.5147,-0.1106,5311.1582,2655.5791,-12861.2521,5833.3333,5000,3000,3000,3750,20583.3333,-33444.5854,38995.7130,77704.2373,-38708.5244,-168612.2375,533592.9116
4,1,2,0,0,2,0,2,0,0.3575,0,0.3575,0.2600,2,172.3333,240,824.7596,400.3333,424.4263,10.6722,0.5500,47209.2239,74355.5856,5908.6399,3028.8583,19000,149502.3076,8970.1385,140532.1691,44166.6667,39600,6650,90416.6667,50115.5024,0.3566,16863.8603,8431.9301,24819.7120,5833.3333,5000,3000,3000,3750,20583.3333,4236.3787,42503.2953,136295.7904,-93792.4951,-262404.7326,1067185.8232
5,1,2,0,0,2,2,0,0,0.3575,0,0.7150,0.2600,2.5000,172.3333,240,1038.7055,397.3333,641.3722,16.1273,0.5500,84175.3007,30154.8156,11709.1581,3615.3207,23750,153404.5951,9204.2757,144200.3194,44166.6667,39600,8312.5000,92079.1667,52121.1527,0.3614,17304.0383,8652.0192,26165.0952,5833.3333,5000,3000,3000,3750,20583.3333,5581.7619,92395.9105,138618.5575,-46222.6470,-308627.3795,0
6,1,2,0,0,2,0,2,1.3000,0,0,0.7150,0,3,172.3333,240,1089.0781,394.3333,694.7448,17.4694,0.5500,49197.6398,61556.8433,15658.7177,2113.0337,28500,157026.2344,9421.5741,147604.6603,44166.6667,39600,9975,93741.6667,53862.9937,0.3649,17712.5592,8856.2796,27294.1548,5833.3333,5000,3000,3000,3750,20583.3333,6710.8215,142366.2443,140893.8389,1472.4054,-307154.9741,1067185.8232
7,1,2,0,0,3,0,3,0,0,0,0.7150,0,4.5000,219.3333,240,956.1174,432.3333,523.7840,10.3483,0.7000,39193.4586,76471.4688,23483.1319,1683.3551,42750,183581.4144,11014.8849,172566.5295,44166.6667,39600,14962.5000,98729.1667,73837.3629,0.4279,20707.9835,10353.9918,42775.3876,5833.3333,5000,3000,3000,3750,20583.3333,22192.0542,145902.4899,150374.4753,-4471.9855,-311626.9596,1600778.7349
8,1,2,0,0,3,3,0,0,0.7150,0,1.4300,0.5200,6,219.3333,240,1492.3425,423.3333,1069.0092,21.1202,0.7000,85805.7374,26281.3046,21882.8919,4118.7324,57000,195088.6663,11705.3200,183383.3464,44166.6667,39600,19950,103716.6667,79666.6797,0.4344,22006.0016,11003.0008,46657.6774,5833.3333,5000,3000,3000,3750,20583.3333,26074.3440,160085.5949,157309.0023,2776.5926,-308850.3670,0
9,1,2,0,0,3,0,3,1.9500,0,0,1.4300,0,7.5000,219.3333,240,1778.0877,414.3333,1363.7544,26.9435,0.7000,50490.7710,57874.7204,24222.7605,2423.5906,71250,206261.8424,12375.7105,193886.1318,44166.6667,39600,24937.5000,108704.1667,85181.9652,0.4393,23266.3358,11633.1679,50282.4614,5833.3333,5000,3000,3000,3750,20583.3333,29699.1281,177974.9380,164187.0037,13787.9342,-295062.4328,1600778.7349
10,1,2,0,0,3,0,3,0,0,0,1.4300,0,9,219.3333,240,1793.3329,405.3333,1387.9995,27.4225,0.7000,37562.0854,63623.3329,29025.6393,1803.0051,85500,217514.0627,13050.8438,204463.2189,44166.6667,39600,29925.0000,113691.6667,90771.5522,0.4440,24535.5863,12267.7931,53968.1728,5833.3333,5000,3000,3000,3750,20583.3333,33384.8395,188634.7391,171078.3794,17556.3597,-277506.0731,1600778.7349
11,1,2,0,0,3,0,3,0,1.0725,0,2.5025,0.7800,10.5000,219.3333,240,1708.3569,396.3333,1312.0236,25.9214,0.7000,29840.6781,50544.6750,42827.4929,5775.3524,99750,228738.1984,13724.2919,215013.9065,44166.6667,39600,34912.5000,118679.1667,96334.7398,0.4480,25801.6688,12900.8344,57632.2366,5833.3333,5000,3000,3000,3750,20583.3333,37048.9033,199174.6754,177965.0032,21209.6722,-256296.4009,1600778.7349
12,1,2,0,0,3,0,3,0,0,0,2.5025,0,12,219.3333,240,1574.6610,387.3333,1187.3276,23.4578,0.7000,24298.9520,41158.0000,55833.8702,4702.8091,114000,239993.6313,14399.6179,225594.0134,44166.6667,39600,39900,123666.6667,101927.3467,0.4518,27071.2816,13535.6408,61320.4243,5833.3333,5000,3000,3000,3750,20583.3333,40737.0910,209738.5627,184856.9224,24881.6403,-231414.7606,1600778.7349
13,2,2,0,0,3.7500,0,3.7500,0,0,0,2.5025,0,13.5000,235,240,1449.9650,394,1055.9650,19.4717,0.7500,21049.6696,35654.3074,72448.0791,4073.9443,133380,266606.0004,15996.3600,250609.6404,44166.6667,39600,46683,130449.6667,120159.9737,0.4795,30073.1568,15036.5784,75050.2385,5833.3333,7500,3000,3000,3750,23083.3333,51966.9051,220303.9599,198642.7353,21661.2247,-209753.5359,2000973.4186
14,2,2,0,0,3.7500,0,3.7500,0,0,0,2.5025,0,15,235,240,1318.6024,385,933.6024,17.2154,0.7500,16471.9669,27900.5126,82567.1558,3187.9776,148200,278327.6130,16699.6568,261627.9562,44166.6667,39600,51870,135636.6667,125991.2895,0.4816,31395.3547,15697.6774,78898.2574,5833.3333,7500,3000,3000,3750,23083.3333,55814.9241,238101.8269,205813.0321,32288.7948,-177464.7411,2000973.4186
15,2,2,0,0,3.7500,0,3.7500,0,0,0,2.5025,0,16.5000,235,240,1196.2398,376,820.2398,15.1250,0.7500,12554.9878,21265.8632,90787.3823,2429.8871,163020,290058.1205,17403.4872,272654.6332,44166.6667,39600,57057,140823.6667,131830.9666,0.4835,32718.5560,16359.2780,82753.1326,5833.3333,7500,3000,3000,3750,23083.3333,59669.7993,256118.7983,212984.8340,43133.9643,-134330.7768,2000973.4186
16,2,2,1,0,3.7500,0,3.7500,0,0,0.2860,2.4310,0.1144,18,235,240,1083.8388,367,716.8388,13.2183,0.7500,9274.0756,15708.5954,96212.3951,2761.7794,177840,301796.8455,18107.8107,283689.0348,44166.6667,39600,62244.0000,146010.6667,137678.3681,0.4853,34042.6842,17021.3421,86614.3419,5833.3333,7500,3000,3000,3750,23083.3333,63531.0085,267141.2947,220158.0263,46983.2684,-87347.5084,2000973.4186
17,2,2,0,0,3.7500,0,3.7500,0,0,0.2860,2.3595,0.1144,19.5000,235,240,972.9339,358,614.9339,11.3392,0.7500,6665.3929,11289.9618,99893.7284,3035.6046,192660,313544.6876,18812.6813,294732.0064,44166.6667,39600,67431,151197.6667,143534.3397,0.4870,35367.8408,17683.9204,90482.5786,5833.3333,7500,3000,3000,3750,23083.3333,67399.2452,278171.8340,227332.7611,50839.0729,-36508.4355,2000973.4186
18,2,3,0,1,3.7500,3.7500,0,0,0,0,2.3595,0,21,313.3333,240,1837.5635,427.3333,1410.2301,19.5032,0.6667,79754.2965,4509.8524,59334.2194,1212.5930,207480,352290.9612,21137.4577,331153.5035,62083.3333,39600,72618,174301.3333,156852.1702,0.4737,39738.4204,19869.2102,97244.5395,5833.3333,7500,4500,3000,3750,24583.3333,72661.2062,289210.5206,258492.2973,30718.2233,-5790.2122,0
19,2,3,0,0,3.7500,0,3.7500,2.4375,0,0,2.3595,0,22.5000,313.3333,240,2356.6096,418.3333,1938.2763,26.8059,0.6667,46720.9994,44641.9504,49590.8687,710.3512,222300,363964.1697,21837.8502,342126.3195,62083.3333,39600,77805,179488.3333,162637.9862,0.4754,41055.1583,20527.5792,101055.2486,5833.3333,7500,4500,3000,3750,24583.3333,76471.9153,312942.7549,265654.4042,47288.3508,41498.1385,2000973.4186
20,2,3,0,0,3.7500,0,3.7500,0,0,0.5720,2.2165,0.2288,24,352.5000,240,2537.2042,448.5000,2088.7042,25.6767,0.7500,38265.9385,57474.9505,54491.2016,1591.3025,237120,388943.3931,23336.6036,365606.7895,62083.3333,39600,82992,184675.3333,180931.4561,0.4949,43872.8147,21936.4074,115122.2340,5833.3333,7500,4500,3000,3750,24583.3333,90538.9007,336639.9115,275067.8888,61572.0227,103070.1613,2000973.4186
21,2,3,0,0,3.7500,0,3.7500,0,1.3406,0,3.5571,0.9750,25.5000,352.5000,240,2534.1745,439.5000,2094.6745,25.7501,0.7500,30906.4575,46421.1041,65857.2047,5505.8304,251940,400630.5968,24037.8358,376592.7610,62083.3333,39600,88179,189862.3333,186730.4276,0.4958,45191.1313,22595.5657,118943.7307,5833.3333,7500,4500,3000,3750,24583.3333,94360.3973,353866.5545,282232.3636,71634.1908,174704.3521,2000973.4186
22,2,3,0,0,3.7500,0,3.7500,0,0,0,3.5571,0,27,352.5000,240,2467.9947,430.5000,2037.4947,25.0472,0.7500,25694.2423,38592.4235,76723.1770,4577.3004,266760,412347.1431,24740.8286,387606.3146,62083.3333,39600,93366,195049.3333,192556.9812,0.4968,46512.7577,23256.3789,122787.8446,5833.3333,7500,4500,3000,3750,24583.3333,98204.5113,371099.7752,289401.8033,81697.9719,256402.3240,2000973.4186
23,2,3,1,0,3.7500,0,3.7500,0,0,0.8580,3.3426,0.3432,28.5000,352.5000,240,2413.7000,421.5000,1992.2000,24.4904,0.7500,21236.0352,31896.2535,84081.5087,5279.0055,281580,424072.8030,25444.3682,398628.4348,62083.3333,39600,98553,200236.3333,198392.1015,0.4977,47835.4122,23917.7061,126638.9832,5833.3333,7500,4500,3000,3750,24583.3333,102055.6499,382099.5378,296572.7849,85526.7528,341929.0769,2000973.4186
24,2,3,0,0,3.7500,0,3.7500,0,0,0,3.3426,0,30,352.5000,240,2343.0085,412.5000,1930.5085,23.7320,0.7500,17670.9088,26541.4791,90805.3658,4392.7609,296400,435810.5145,26148.6309,409661.8836,62083.3333,39600,103740,205423.3333,204238.5503,0.4986,49159.4260,24579.7130,130499.4113,5833.3333,7500,4500,3000,3750,24583.3333,105916.0779,393117.3747,303745.8057,89371.5689,431300.6458,2000973.4186
25,3,4,0,1,4.6875,0,4.6875,0,0,0,3.3426,0,31.6667,430.8333,240,2281.3170,480.8333,1800.4837,18.1093,0.6875,18127.9594,27227.9634,119100.6042,4506.3778,325381.3333,494344.2382,29660.6543,464683.5839,80000,39600,113883.4667,233483.4667,231200.1172,0.4975,55762.0301,27881.0150,147557.0721,5833.3333,10000,6000,3000,3750,28583.3333,118973.7388,404145.1592,345709.8451,58435.3141,489735.9599,2501216.7732
26,3,4,0,0,4.6875,0,4.6875,0,0,0,3.3426,0,33.3333,430.8333,240,2151.2922,470.8333,1680.4588,16.9021,0.6875,14856.3235,22314.0080,124548.5569,3693.0911,342506.6667,507918.6461,30475.1188,477443.5273,80000,39600,119877.3333,239477.3333,237966.1940,0.4984,57293.2233,28646.6116,152026.3591,5833.3333,10000,6000,3000,3750,28583.3333,123443.0257,437172.7338,354000.5016,83172.2322,572908.1921,2501216.7732
27,3,4,0,0,4.6875,0,4.6875,0,0,0,3.3426,0,35,470,240,2031.2673,500,1531.2673,14.1181,0.7500,13051.9363,19603.8414,139723.6225,3244.5437,359632.0000,535255.9438,32115.3566,503140.5872,80000,39600,125871.2000,245471.2000,257669.3872,0.5121,60376.8705,30188.4352,167104.0815,5833.3333,10000,6000,3000,3750,28583.3333,138520.7482,471063.5556,364619.8390,106443.7166,679351.9087,2501216.7732
28,3,4,0,0,4.6875,0,4.6875,0,0,0.2288,3.2854,0.0915,36.6667,470,240,1882.8452,490.0000,1392.8452,12.8418,0.7500,10402.4929,15624.4114,142849.6467,3204.1921,376757.3333,548838.0765,32930.2846,515907.7919,80000,39600,131865.0667,251465.0667,264442.7252,0.5126,61908.9350,30954.4675,171579.3227,5833.3333,10000,6000,3000,3750,28583.3333,142995.9893,490292.0573,372911.8025,117380.2547,796732.1634,2501216.7732
29,3,4,0,0,4.6875,0,4.6875,0,0,0.2288,3.2282,0.0915,38.3333,470,240,1738.4199,480,1258.4199,11.6025,0.7500,8164.5218,12263.0074,144944.4885,3170.8135,393882.6667,562425.4979,33745.5299,528679.9680,80000,39600,137858.9333,257458.9333,271221.0347,0.5130,63441.5962,31720.7981,176058.6404,5833.3333,10000,6000,3000,3750,28583.3333,147475.3071,509524.1895,381204.6609,128319.5286,925051.6920,2501216.7732
30,3,4,1,0,4.6875,4.6875,0,0,0,0,3.2282,0,40,470,240,2815.9721,470,2345.9721,21.6295,0.7500,75500.3393,5366.0020,83267.7265,1387.4730,411008.0000,576529.5408,34591.7724,541937.7683,80000,39600,143852.8000,263452.8000,278484.9683,0.5139,65032.5322,32516.2661,180936.1700,5833.3333,10000,6000,3000,3750,28583.3333,152352.8367,522293.8799,389584.9316,132708.9483,1057760.6403,0
31,3,4,0,0,4.6875,0,4.6875,3.0469,0,0,3.2282,0,41.6667,470,240,3558.2118,460,3098.2118,28.5651,0.7500,48719.1745,43226.0529,69101.3381,895.3144,428133.3333,590075.2131,35404.5128,554670.7004,80000,39600,149846.6667,269446.6667,285224.0337,0.5142,66560.4840,33280.2420,185383.3076,5833.3333,10000,6000,3000,3750,28583.3333,156799.9743,535308.8682,397870.7261,137438.1421,1195198.7824,2501216.7732
32,3,5,0,1,4.6875,0,4.6875,0,0,0.4576,3.1138,0.1830,43.3333,548.3333,240,3875.2714,528.3333,3346.9381,26.4500,0.7000,44736.1984,60659.0486,79086.5392,1469.9024,445258.6667,631210.3553,37872.6213,593337.7340,97916.6667,39600,155840.5333,293357.2000,299980.5340,0.5056,71200.5281,35600.2640,193179.7419,5833.3333,10000,7500,3000,3750,30083.3333,163096.4086,548304.2343,430241.3255,118062.9089,1313261.6913,2501216.7732
33,3,5,0,0,4.6875,0,4.6875,0,1.6758,1.0725,4.5215,1.6478,45,548.3333,240,3943.4010,518.3333,3425.0677,27.0674,0.7000,37250.9141,50509.5446,87741.5685,6846.1724,462384.0000,644732.1995,38683.9320,606048.2675,97916.6667,39600,161834.4000,299351.0667,306697.2008,0.5061,72725.7921,36362.8961,197608.5127,5833.3333,10000,7500,3000,3750,30083.3333,167525.1794,574004.2172,438523.0882,135481.1290,1448742.8203,2501216.7732
34,3,5,0,0,4.6875,0,4.6875,0,0,0,4.5215,0,46.6667,587.5000,240,3899.5972,547.5000,3352.0972,24.7247,0.7500,34559.0133,46859.5219,104780.1702,6351.4404,479509.3333,672059.4791,40323.5687,631735.9103,97916.6667,39600,167828.2667,305344.9333,326390.9770,0.5167,75808.3092,37904.1546,212678.5132,5833.3333,10000,7500,3000,3750,30083.3333,182595.1798,599693.0008,449140.7305,150552.2702,1599295.0905,2501216.7732
35,3,5,0,0,4.6875,0,4.6875,0,0,0.6864,4.3499,0.2746,48.3333,587.5000,240,3828.9346,537.5000,3291.4346,24.2772,0.7500,29702.5903,40274.5636,112544.4465,6459.3978,496634.6667,685615.6650,41136.9399,644478.7251,97916.6667,39600,173822.1333,311338.8000,333139.9251,0.5169,77337.4470,38668.7235,217133.7545,5833.3333,10000,7500,3000,3750,30083.3333,187050.4212,618892.0889,457428.3038,161463.7851,1760758.8756,2501216.7732
36,3,5,0,0,4.6875,0,4.6875,0,0,0,4.3499,0,50,587.5000,240,3747.9547,527.5000,3220.4547,23.7537,0.7500,25599.3669,34710.8896,119544.1785,5567.0732,513760.0000,699181.5082,41950.8905,657230.6177,97916.6667,39600,179816,317332.6667,339897.9510,0.5172,78867.6741,39433.8371,221596.4398,5833.3333,10000,7500,3000,3750,30083.3333,191513.1065,638107.3177,465717.5112,172389.8065,1933148.6821,2501216.7732
